
[{
 "name": "fold_2025_10_05_il37_wt_isoform_b_bound_igg2hsp_il37_d73k_isoform_b_template_hit_0_chains_b.cif",
 "queryIndices": [
  64,
  92,
  71,
  91,
  109,
  113,
  106,
  118,
  6,
  26,
  168,
  1,
  29,
  130,
  43,
  158,
  55,
  133,
  44,
  153,
  48,
  90,
  70,
  93,
  65,
  119,
  107,
  112,
  108,
  28,
  169,
  0,
  27,
  7,
  49,
  152,
  45,
  132,
  54,
  159,
  42,
  131,
  116,
  104,
  115,
  111,
  89,
  69,
  94,
  66,
  155,
  50,
  135,
  46,
  156,
  53,
  128,
  41,
  31,
  170,
  3,
  24,
  4,
  110,
  114,
  105,
  117,
  67,
  95,
  68,
  88,
  129,
  40,
  157,
  52,
  134,
  47,
  154,
  51,
  172,
  5,
  25,
  171,
  2,
  30,
  11,
  162,
  23,
  12,
  165,
  16,
  38,
  143,
  58,
  147,
  33,
  136,
  61,
  148,
  77,
  81,
  74,
  86,
  96,
  124,
  103,
  123,
  17,
  164,
  13,
  22,
  163,
  10,
  60,
  149,
  32,
  137,
  59,
  146,
  39,
  142,
  87,
  75,
  80,
  76,
  122,
  102,
  125,
  97,
  63,
  150,
  35,
  138,
  56,
  145,
  36,
  141,
  18,
  14,
  167,
  21,
  9,
  160,
  121,
  101,
  126,
  98,
  84,
  72,
  83,
  79,
  37,
  140,
  144,
  57,
  139,
  34,
  62,
  151,
  161,
  8,
  20,
  166,
  15,
  19,
  99,
  127,
  100,
  120,
  78,
  82,
  73,
  85
 ],
 "templateIndices": [
  66,
  94,
  73,
  93,
  111,
  115,
  108,
  120,
  8,
  28,
  170,
  3,
  31,
  132,
  45,
  160,
  57,
  135,
  46,
  155,
  50,
  92,
  72,
  95,
  67,
  121,
  109,
  114,
  110,
  30,
  171,
  2,
  29,
  9,
  51,
  154,
  47,
  134,
  56,
  161,
  44,
  133,
  118,
  106,
  117,
  113,
  91,
  71,
  96,
  68,
  157,
  52,
  137,
  48,
  158,
  55,
  130,
  43,
  33,
  172,
  5,
  26,
  6,
  112,
  116,
  107,
  119,
  69,
  97,
  70,
  90,
  131,
  42,
  159,
  54,
  136,
  49,
  156,
  53,
  174,
  7,
  27,
  173,
  4,
  32,
  13,
  164,
  25,
  14,
  167,
  18,
  40,
  145,
  60,
  149,
  35,
  138,
  63,
  150,
  79,
  83,
  76,
  88,
  98,
  126,
  105,
  125,
  19,
  166,
  15,
  24,
  165,
  12,
  62,
  151,
  34,
  139,
  61,
  148,
  41,
  144,
  89,
  77,
  82,
  78,
  124,
  104,
  127,
  99,
  65,
  152,
  37,
  140,
  58,
  147,
  38,
  143,
  20,
  16,
  169,
  23,
  11,
  162,
  123,
  103,
  128,
  100,
  86,
  74,
  85,
  81,
  39,
  142,
  146,
  59,
  141,
  36,
  64,
  153,
  163,
  10,
  22,
  168,
  17,
  21,
  101,
  129,
  102,
  122,
  80,
  84,
  75,
  87
 ]
}
,{
 "name": "fold_2025_10_05_il37_wt_isoform_b_bound_igg2hsp_il37_d73k_isoform_b_template_hit_1_chains_b.cif",
 "queryIndices": [
  64,
  92,
  71,
  91,
  109,
  113,
  106,
  118,
  26,
  29,
  43,
  130,
  55,
  158,
  44,
  133,
  48,
  153,
  90,
  70,
  93,
  65,
  119,
  107,
  112,
  108,
  28,
  27,
  152,
  49,
  132,
  45,
  159,
  54,
  131,
  42,
  116,
  104,
  115,
  111,
  89,
  69,
  94,
  66,
  50,
  155,
  46,
  135,
  156,
  53,
  41,
  128,
  31,
  24,
  110,
  114,
  105,
  117,
  67,
  95,
  68,
  88,
  129,
  40,
  157,
  52,
  134,
  47,
  51,
  154,
  25,
  30,
  11,
  23,
  12,
  16,
  143,
  38,
  58,
  147,
  33,
  136,
  61,
  148,
  77,
  81,
  74,
  86,
  96,
  124,
  103,
  123,
  17,
  13,
  22,
  10,
  149,
  60,
  32,
  137,
  146,
  59,
  142,
  39,
  87,
  75,
  80,
  76,
  122,
  102,
  125,
  97,
  63,
  150,
  35,
  138,
  145,
  56,
  36,
  141,
  18,
  14,
  21,
  9,
  160,
  121,
  101,
  126,
  98,
  84,
  72,
  83,
  79,
  140,
  37,
  144,
  57,
  139,
  34,
  62,
  151,
  8,
  20,
  15,
  19,
  99,
  127,
  100,
  120,
  78,
  82,
  73,
  85
 ],
 "templateIndices": [
  57,
  85,
  64,
  84,
  102,
  106,
  99,
  111,
  19,
  22,
  36,
  123,
  48,
  151,
  37,
  126,
  41,
  146,
  83,
  63,
  86,
  58,
  112,
  100,
  105,
  101,
  21,
  20,
  145,
  42,
  125,
  38,
  152,
  47,
  124,
  35,
  109,
  97,
  108,
  104,
  82,
  62,
  87,
  59,
  43,
  148,
  39,
  128,
  149,
  46,
  34,
  121,
  24,
  17,
  103,
  107,
  98,
  110,
  60,
  88,
  61,
  81,
  122,
  33,
  150,
  45,
  127,
  40,
  44,
  147,
  18,
  23,
  4,
  16,
  5,
  9,
  136,
  31,
  51,
  140,
  26,
  129,
  54,
  141,
  70,
  74,
  67,
  79,
  89,
  117,
  96,
  116,
  10,
  6,
  15,
  3,
  142,
  53,
  25,
  130,
  139,
  52,
  135,
  32,
  80,
  68,
  73,
  69,
  115,
  95,
  118,
  90,
  56,
  143,
  28,
  131,
  138,
  49,
  29,
  134,
  11,
  7,
  14,
  2,
  153,
  114,
  94,
  119,
  91,
  77,
  65,
  76,
  72,
  133,
  30,
  137,
  50,
  132,
  27,
  55,
  144,
  1,
  13,
  8,
  12,
  92,
  120,
  93,
  113,
  71,
  75,
  66,
  78
 ]
}
,{
 "name": "fold_2025_10_05_il37_wt_isoform_b_bound_igg2hsp_il37_d73k_isoform_b_template_hit_2_chains_b.cif",
 "queryIndices": [
  64,
  92,
  71,
  91,
  109,
  113,
  106,
  118,
  6,
  26,
  29,
  43,
  130,
  55,
  133,
  44,
  48,
  153,
  90,
  70,
  93,
  65,
  119,
  107,
  112,
  108,
  28,
  27,
  7,
  152,
  49,
  132,
  45,
  54,
  42,
  131,
  116,
  104,
  115,
  111,
  89,
  69,
  94,
  66,
  50,
  155,
  46,
  135,
  53,
  156,
  41,
  128,
  31,
  24,
  110,
  114,
  117,
  67,
  95,
  68,
  88,
  129,
  40,
  157,
  52,
  134,
  47,
  154,
  51,
  5,
  25,
  30,
  11,
  23,
  12,
  16,
  38,
  143,
  58,
  147,
  136,
  33,
  61,
  148,
  77,
  81,
  74,
  86,
  96,
  124,
  103,
  123,
  17,
  13,
  22,
  10,
  149,
  60,
  137,
  32,
  146,
  59,
  39,
  142,
  87,
  75,
  80,
  76,
  122,
  102,
  125,
  97,
  150,
  63,
  35,
  138,
  56,
  145,
  36,
  141,
  18,
  14,
  21,
  9,
  121,
  101,
  126,
  98,
  84,
  72,
  79,
  140,
  37,
  57,
  144,
  34,
  139,
  151,
  62,
  8,
  20,
  15,
  19,
  99,
  127,
  100,
  120,
  78,
  73,
  85
 ],
 "templateIndices": [
  63,
  89,
  70,
  88,
  105,
  109,
  102,
  114,
  4,
  24,
  27,
  41,
  126,
  54,
  129,
  42,
  46,
  149,
  87,
  69,
  90,
  64,
  115,
  103,
  108,
  104,
  26,
  25,
  5,
  148,
  47,
  128,
  43,
  53,
  40,
  127,
  112,
  101,
  111,
  107,
  86,
  68,
  91,
  65,
  48,
  151,
  44,
  131,
  52,
  152,
  39,
  124,
  29,
  22,
  106,
  110,
  113,
  66,
  92,
  67,
  85,
  125,
  38,
  153,
  51,
  130,
  45,
  150,
  50,
  3,
  23,
  28,
  9,
  21,
  10,
  14,
  36,
  139,
  57,
  143,
  132,
  31,
  60,
  144,
  76,
  80,
  73,
  83,
  93,
  120,
  100,
  119,
  15,
  11,
  20,
  8,
  145,
  59,
  133,
  30,
  142,
  58,
  37,
  138,
  84,
  74,
  79,
  75,
  118,
  99,
  121,
  94,
  146,
  62,
  33,
  134,
  55,
  141,
  34,
  137,
  16,
  12,
  19,
  7,
  117,
  98,
  122,
  95,
  81,
  71,
  78,
  136,
  35,
  56,
  140,
  32,
  135,
  147,
  61,
  6,
  18,
  13,
  17,
  96,
  123,
  97,
  116,
  77,
  72,
  82
 ]
}
,{
 "name": "fold_2025_10_05_il37_wt_isoform_b_bound_igg2hsp_il37_d73k_isoform_b_template_hit_3_chains_b.cif",
 "queryIndices": [
  64,
  92,
  71,
  91,
  109,
  113,
  106,
  118,
  26,
  29,
  43,
  130,
  55,
  158,
  133,
  44,
  48,
  153,
  90,
  70,
  93,
  65,
  119,
  107,
  112,
  108,
  28,
  27,
  152,
  49,
  132,
  45,
  54,
  131,
  42,
  116,
  104,
  115,
  111,
  89,
  69,
  94,
  66,
  50,
  155,
  46,
  53,
  156,
  41,
  128,
  31,
  24,
  110,
  114,
  117,
  67,
  95,
  68,
  88,
  129,
  40,
  157,
  52,
  134,
  47,
  154,
  51,
  25,
  30,
  11,
  23,
  12,
  16,
  38,
  143,
  58,
  147,
  136,
  33,
  61,
  148,
  77,
  81,
  74,
  86,
  96,
  124,
  103,
  123,
  17,
  13,
  22,
  10,
  149,
  60,
  137,
  32,
  146,
  59,
  39,
  142,
  87,
  75,
  80,
  76,
  122,
  102,
  125,
  97,
  150,
  63,
  35,
  138,
  56,
  145,
  141,
  36,
  18,
  14,
  21,
  121,
  101,
  126,
  98,
  84,
  72,
  79,
  140,
  37,
  57,
  144,
  34,
  139,
  151,
  62,
  20,
  15,
  19,
  99,
  127,
  100,
  120,
  78,
  73,
  85
 ],
 "templateIndices": [
  58,
  84,
  65,
  83,
  100,
  104,
  97,
  109,
  19,
  22,
  36,
  121,
  49,
  148,
  124,
  37,
  41,
  143,
  82,
  64,
  85,
  59,
  110,
  98,
  103,
  99,
  21,
  20,
  142,
  42,
  123,
  38,
  48,
  122,
  35,
  107,
  96,
  106,
  102,
  81,
  63,
  86,
  60,
  43,
  145,
  39,
  47,
  146,
  34,
  119,
  24,
  17,
  101,
  105,
  108,
  61,
  87,
  62,
  80,
  120,
  33,
  147,
  45,
  125,
  40,
  144,
  44,
  18,
  23,
  4,
  16,
  5,
  9,
  31,
  133,
  52,
  137,
  126,
  26,
  55,
  138,
  71,
  75,
  68,
  78,
  88,
  115,
  95,
  114,
  10,
  6,
  15,
  3,
  139,
  54,
  127,
  25,
  136,
  53,
  32,
  132,
  79,
  69,
  74,
  70,
  113,
  94,
  116,
  89,
  140,
  57,
  28,
  128,
  50,
  135,
  131,
  29,
  11,
  7,
  14,
  112,
  93,
  117,
  90,
  76,
  66,
  73,
  130,
  30,
  51,
  134,
  27,
  129,
  141,
  56,
  13,
  8,
  12,
  91,
  118,
  92,
  111,
  72,
  67,
  77
 ]
}
]
