
[{
 "name": "fold_2025_10_05_igg2hsp_il37_d73k_isoform_b_bound_igg2hsp_il37_d73k_isoform_b_template_hit_0_chains_b_a.cif",
 "queryIndices": [
  37,
  140,
  144,
  57,
  139,
  34,
  62,
  151,
  8,
  161,
  20,
  166,
  15,
  19,
  99,
  127,
  100,
  120,
  78,
  82,
  73,
  85,
  63,
  150,
  138,
  35,
  145,
  56,
  141,
  36,
  18,
  167,
  14,
  21,
  9,
  160,
  121,
  101,
  126,
  98,
  84,
  72,
  83,
  79,
  17,
  164,
  13,
  22,
  10,
  163,
  60,
  149,
  137,
  32,
  146,
  59,
  39,
  142,
  87,
  75,
  80,
  76,
  122,
  102,
  125,
  97,
  11,
  162,
  23,
  165,
  12,
  16,
  38,
  143,
  147,
  58,
  136,
  33,
  61,
  148,
  77,
  81,
  74,
  86,
  96,
  124,
  103,
  123,
  110,
  114,
  105,
  117,
  67,
  95,
  68,
  88,
  129,
  40,
  52,
  157,
  47,
  134,
  154,
  51,
  172,
  5,
  25,
  2,
  171,
  30,
  116,
  104,
  115,
  111,
  89,
  69,
  94,
  66,
  155,
  50,
  46,
  135,
  53,
  156,
  128,
  41,
  31,
  3,
  170,
  24,
  4,
  90,
  70,
  93,
  65,
  119,
  107,
  112,
  108,
  28,
  0,
  169,
  27,
  7,
  152,
  49,
  132,
  45,
  54,
  159,
  131,
  42,
  64,
  92,
  71,
  91,
  109,
  113,
  106,
  118,
  6,
  26,
  1,
  168,
  29,
  130,
  43,
  55,
  158,
  44,
  133,
  153,
  48
 ],
 "templateIndices": [
  39,
  142,
  146,
  59,
  141,
  36,
  64,
  153,
  10,
  163,
  22,
  168,
  17,
  21,
  101,
  129,
  102,
  122,
  80,
  84,
  75,
  87,
  65,
  152,
  140,
  37,
  147,
  58,
  143,
  38,
  20,
  169,
  16,
  23,
  11,
  162,
  123,
  103,
  128,
  100,
  86,
  74,
  85,
  81,
  19,
  166,
  15,
  24,
  12,
  165,
  62,
  151,
  139,
  34,
  148,
  61,
  41,
  144,
  89,
  77,
  82,
  78,
  124,
  104,
  127,
  99,
  13,
  164,
  25,
  167,
  14,
  18,
  40,
  145,
  149,
  60,
  138,
  35,
  63,
  150,
  79,
  83,
  76,
  88,
  98,
  126,
  105,
  125,
  112,
  116,
  107,
  119,
  69,
  97,
  70,
  90,
  131,
  42,
  54,
  159,
  49,
  136,
  156,
  53,
  174,
  7,
  27,
  4,
  173,
  32,
  118,
  106,
  117,
  113,
  91,
  71,
  96,
  68,
  157,
  52,
  48,
  137,
  55,
  158,
  130,
  43,
  33,
  5,
  172,
  26,
  6,
  92,
  72,
  95,
  67,
  121,
  109,
  114,
  110,
  30,
  2,
  171,
  29,
  9,
  154,
  51,
  134,
  47,
  56,
  161,
  133,
  44,
  66,
  94,
  73,
  93,
  111,
  115,
  108,
  120,
  8,
  28,
  3,
  170,
  31,
  132,
  45,
  57,
  160,
  46,
  135,
  155,
  50
 ]
}
,{
 "name": "fold_2025_10_05_igg2hsp_il37_d73k_isoform_b_bound_igg2hsp_il37_d73k_isoform_b_template_hit_1_chains_b_a.cif",
 "queryIndices": [
  140,
  37,
  144,
  57,
  34,
  139,
  62,
  151,
  8,
  20,
  15,
  19,
  99,
  127,
  100,
  120,
  78,
  82,
  73,
  85,
  63,
  150,
  35,
  138,
  56,
  145,
  36,
  141,
  18,
  14,
  21,
  9,
  160,
  121,
  101,
  126,
  98,
  84,
  72,
  83,
  79,
  17,
  13,
  22,
  10,
  60,
  149,
  137,
  32,
  146,
  59,
  142,
  39,
  87,
  75,
  80,
  76,
  122,
  102,
  125,
  97,
  11,
  23,
  12,
  16,
  38,
  143,
  58,
  147,
  136,
  33,
  148,
  61,
  77,
  81,
  74,
  86,
  96,
  124,
  103,
  123,
  110,
  114,
  105,
  117,
  67,
  95,
  68,
  88,
  129,
  40,
  157,
  52,
  47,
  134,
  51,
  154,
  25,
  30,
  116,
  104,
  115,
  111,
  89,
  69,
  94,
  66,
  50,
  155,
  46,
  135,
  53,
  156,
  41,
  128,
  31,
  24,
  90,
  70,
  93,
  65,
  119,
  107,
  112,
  108,
  28,
  27,
  152,
  49,
  45,
  132,
  54,
  159,
  131,
  42,
  64,
  92,
  71,
  91,
  109,
  113,
  106,
  118,
  26,
  29,
  130,
  43,
  158,
  55,
  133,
  44,
  153,
  48
 ],
 "templateIndices": [
  133,
  30,
  137,
  50,
  27,
  132,
  55,
  144,
  1,
  13,
  8,
  12,
  92,
  120,
  93,
  113,
  71,
  75,
  66,
  78,
  56,
  143,
  28,
  131,
  49,
  138,
  29,
  134,
  11,
  7,
  14,
  2,
  153,
  114,
  94,
  119,
  91,
  77,
  65,
  76,
  72,
  10,
  6,
  15,
  3,
  53,
  142,
  130,
  25,
  139,
  52,
  135,
  32,
  80,
  68,
  73,
  69,
  115,
  95,
  118,
  90,
  4,
  16,
  5,
  9,
  31,
  136,
  51,
  140,
  129,
  26,
  141,
  54,
  70,
  74,
  67,
  79,
  89,
  117,
  96,
  116,
  103,
  107,
  98,
  110,
  60,
  88,
  61,
  81,
  122,
  33,
  150,
  45,
  40,
  127,
  44,
  147,
  18,
  23,
  109,
  97,
  108,
  104,
  82,
  62,
  87,
  59,
  43,
  148,
  39,
  128,
  46,
  149,
  34,
  121,
  24,
  17,
  83,
  63,
  86,
  58,
  112,
  100,
  105,
  101,
  21,
  20,
  145,
  42,
  38,
  125,
  47,
  152,
  124,
  35,
  57,
  85,
  64,
  84,
  102,
  106,
  99,
  111,
  19,
  22,
  123,
  36,
  151,
  48,
  126,
  37,
  146,
  41
 ]
}
,{
 "name": "fold_2025_10_05_igg2hsp_il37_d73k_isoform_b_bound_igg2hsp_il37_d73k_isoform_b_template_hit_2_chains_b_a.cif",
 "queryIndices": [
  37,
  140,
  57,
  144,
  139,
  34,
  62,
  151,
  8,
  20,
  15,
  19,
  99,
  127,
  100,
  120,
  78,
  73,
  85,
  150,
  63,
  138,
  35,
  145,
  56,
  141,
  36,
  18,
  14,
  21,
  9,
  121,
  101,
  126,
  98,
  84,
  72,
  79,
  17,
  13,
  22,
  10,
  60,
  149,
  32,
  137,
  59,
  146,
  39,
  142,
  87,
  75,
  80,
  76,
  122,
  102,
  125,
  97,
  11,
  23,
  12,
  16,
  143,
  38,
  147,
  58,
  136,
  33,
  148,
  61,
  77,
  81,
  74,
  86,
  96,
  124,
  103,
  123,
  110,
  114,
  117,
  67,
  95,
  68,
  88,
  40,
  129,
  52,
  157,
  134,
  47,
  51,
  154,
  5,
  25,
  30,
  116,
  104,
  115,
  111,
  89,
  69,
  94,
  66,
  155,
  50,
  135,
  46,
  156,
  53,
  41,
  128,
  31,
  24,
  90,
  70,
  93,
  65,
  119,
  107,
  112,
  108,
  28,
  27,
  7,
  152,
  49,
  45,
  132,
  54,
  131,
  42,
  64,
  92,
  71,
  91,
  109,
  113,
  106,
  118,
  6,
  26,
  29,
  130,
  43,
  55,
  44,
  133,
  153,
  48
 ],
 "templateIndices": [
  35,
  136,
  56,
  140,
  135,
  32,
  61,
  147,
  6,
  18,
  13,
  17,
  96,
  123,
  97,
  116,
  77,
  72,
  82,
  146,
  62,
  134,
  33,
  141,
  55,
  137,
  34,
  16,
  12,
  19,
  7,
  117,
  98,
  122,
  95,
  81,
  71,
  78,
  15,
  11,
  20,
  8,
  59,
  145,
  30,
  133,
  58,
  142,
  37,
  138,
  84,
  74,
  79,
  75,
  118,
  99,
  121,
  94,
  9,
  21,
  10,
  14,
  139,
  36,
  143,
  57,
  132,
  31,
  144,
  60,
  76,
  80,
  73,
  83,
  93,
  120,
  100,
  119,
  106,
  110,
  113,
  66,
  92,
  67,
  85,
  38,
  125,
  51,
  153,
  130,
  45,
  50,
  150,
  3,
  23,
  28,
  112,
  101,
  111,
  107,
  86,
  68,
  91,
  65,
  151,
  48,
  131,
  44,
  152,
  52,
  39,
  124,
  29,
  22,
  87,
  69,
  90,
  64,
  115,
  103,
  108,
  104,
  26,
  25,
  5,
  148,
  47,
  43,
  128,
  53,
  127,
  40,
  63,
  89,
  70,
  88,
  105,
  109,
  102,
  114,
  4,
  24,
  27,
  126,
  41,
  54,
  42,
  129,
  149,
  46
 ]
}
,{
 "name": "fold_2025_10_05_igg2hsp_il37_d73k_isoform_b_bound_igg2hsp_il37_d73k_isoform_b_template_hit_3_chains_b_a.cif",
 "queryIndices": [
  140,
  37,
  57,
  144,
  139,
  34,
  62,
  151,
  20,
  15,
  19,
  99,
  127,
  100,
  120,
  78,
  73,
  85,
  63,
  150,
  138,
  35,
  56,
  145,
  141,
  36,
  18,
  14,
  21,
  121,
  101,
  126,
  98,
  84,
  72,
  79,
  17,
  13,
  22,
  10,
  60,
  149,
  137,
  32,
  59,
  146,
  39,
  142,
  87,
  75,
  80,
  76,
  122,
  102,
  125,
  97,
  11,
  23,
  12,
  16,
  38,
  143,
  58,
  147,
  136,
  33,
  61,
  148,
  77,
  81,
  74,
  86,
  96,
  124,
  103,
  123,
  110,
  114,
  117,
  67,
  95,
  68,
  88,
  129,
  40,
  52,
  157,
  134,
  47,
  51,
  154,
  25,
  30,
  116,
  104,
  115,
  111,
  89,
  69,
  94,
  66,
  50,
  155,
  46,
  53,
  156,
  128,
  41,
  31,
  24,
  90,
  70,
  93,
  65,
  119,
  107,
  112,
  108,
  28,
  27,
  49,
  152,
  132,
  45,
  54,
  131,
  42,
  64,
  92,
  71,
  91,
  109,
  113,
  106,
  118,
  26,
  29,
  130,
  43,
  55,
  158,
  133,
  44,
  48,
  153
 ],
 "templateIndices": [
  130,
  30,
  51,
  134,
  129,
  27,
  56,
  141,
  13,
  8,
  12,
  91,
  118,
  92,
  111,
  72,
  67,
  77,
  57,
  140,
  128,
  28,
  50,
  135,
  131,
  29,
  11,
  7,
  14,
  112,
  93,
  117,
  90,
  76,
  66,
  73,
  10,
  6,
  15,
  3,
  54,
  139,
  127,
  25,
  53,
  136,
  32,
  132,
  79,
  69,
  74,
  70,
  113,
  94,
  116,
  89,
  4,
  16,
  5,
  9,
  31,
  133,
  52,
  137,
  126,
  26,
  55,
  138,
  71,
  75,
  68,
  78,
  88,
  115,
  95,
  114,
  101,
  105,
  108,
  61,
  87,
  62,
  80,
  120,
  33,
  45,
  147,
  125,
  40,
  44,
  144,
  18,
  23,
  107,
  96,
  106,
  102,
  81,
  63,
  86,
  60,
  43,
  145,
  39,
  47,
  146,
  119,
  34,
  24,
  17,
  82,
  64,
  85,
  59,
  110,
  98,
  103,
  99,
  21,
  20,
  42,
  142,
  123,
  38,
  48,
  122,
  35,
  58,
  84,
  65,
  83,
  100,
  104,
  97,
  109,
  19,
  22,
  121,
  36,
  49,
  148,
  124,
  37,
  41,
  143
 ]
}
]
